ID,Name,Age,Gender
e97364e4-aa35-463e-a9b5-17c65143e584,Person220,28,MALE,
e64132d7-0358-4c24-b0a3-c30c6a70555e,Person218,26,MALE,
a0e1e072-c01b-4b51-a78e-4b6bb44e2d9c,Person165,24,MALE,
82b4141c-4f0c-43f4-8f69-9801f0be0846,Person142,27,MALE,
d733a278-b99f-4a3f-a781-ee34e9825f56,Person208,25,MALE,
9bc2d632-92a4-4c96-a486-307815b2f3e0,Person160,25,MALE,
517e320f-e02f-4fc4-b33e-cb92b42c4c85,Person86,25,FEMALE,
c2a46458-3ac4-47ae-8f99-d4beba57d937,Personx41,25,MALE,
677a9945-9ede-47bd-b54f-78b2292f2557,Person112,25,FEMALE,
f6d28393-fb4a-4d9a-94af-78b35cd31b59,Person233,27,MALE,
